metric,year,water_frac_classical,water_frac_dl,water_abs_diff,vegetation_frac_classical,vegetation_frac_dl,veg_abs_diff
water_frac,2024,0.000122655,0.983119451,0.982996796,0.875291306,0,0.875291306
water_frac,2019,0.959658682,0,0.959658682,0.002467579,0.265263748,0.262796168
water_frac,2024,0.949159544,0,0.949159544,0.001094017,0.086373219,0.085279202
water_frac,2025,0.942948718,0,0.942948718,0.006225071,0.089840456,0.083615385
water_frac,2018,0.939846001,0,0.939846001,0.0332817,0.002680855,0.030600846
water_frac,2018,0.936899316,0,0.936899316,0.000111671,0.138254265,0.138142593
water_frac,2024,0.893755411,0,0.893755411,0.000378788,0.065895314,0.065516526
water_frac,2023,0.854327635,0,0.854327635,0.068897436,0.00611396,0.062783476
water_frac,2025,0.000356125,0.839524217,0.839168091,0.040997151,0.000720798,0.040276353
water_frac,2023,0.909238817,0.075515429,0.833723387,0.003955628,0.190995525,0.187039897
water_frac,2018,0.828142111,0.01390554,0.814236571,0.002918768,0.490691539,0.487772771
water_frac,2019,0.206825468,0.991350401,0.784524933,0.002243336,0.004481537,0.002238201
water_frac,2024,0.77652417,0,0.77652417,0.015779221,0.508234742,0.492455522
water_frac,2019,0.771227621,0,0.771227621,0.023719807,0.370832623,0.347112816
water_frac,2019,0.75818804,0,0.75818804,0.119113833,0.24696165,0.127847817
vegetation_frac,2023,0.042775974,0,0.042775974,0.002129329,0.993424077,0.991294748
vegetation_frac,2019,0.402040706,0,0.402040706,0.000845641,0.950510962,0.94966532
vegetation_frac,2024,0.000122655,0.983119451,0.982996796,0.875291306,0,0.875291306
vegetation_frac,2022,0.045082071,0,0.045082071,0.019872835,0.82067526,0.800802424
vegetation_frac,2024,0.010836039,0.070292166,0.059456127,0.175419372,0.929707834,0.754288462
vegetation_frac,2024,0.025871795,0.602378917,0.576507123,0.736353276,0,0.736353276
vegetation_frac,2023,0.01203824,0,0.01203824,0.755927128,0.024056766,0.731870363
vegetation_frac,2025,0.125352633,0,0.125352633,0.025034271,0.704921284,0.679887012
vegetation_frac,2023,0.063301768,0.737814134,0.674512366,0.707198773,0.028309059,0.678889715
vegetation_frac,2019,0.015666197,0,0.015666197,0.279295192,0.888331413,0.609036222
vegetation_frac,2025,0.311569801,0.020851852,0.290717949,0.00137037,0.557017094,0.555646724
vegetation_frac,2023,0.01828824,0,0.01828824,0.448262085,0.986464302,0.538202217
vegetation_frac,2021,0.255833934,0,0.255833934,6.48E-05,0.515454531,0.51538969
vegetation_frac,2024,0.014234307,0,0.014234307,0.496999459,0.999250667,0.502251208
vegetation_frac,2024,0.616068723,0,0.616068723,0.133376623,0.627542883,0.494166259
