file_c,join_key,year,vegetation_frac_classical,water_frac_classical,file_d,vegetation_frac_dl,water_frac_dl
photos/converted/_DSC0001.jpg,_DSC0001.jpg,2022,0.0041838023088023,0.0523854617604617,eagle_project/photos/converted/_DSC0001.jpg,0.0012186530596559,0.0353902009818109
photos/converted/_DSC0127.jpg,_DSC0127.jpg,2024,0.1754193722943723,0.0108360389610389,eagle_project/photos/converted/_DSC0127.jpg,0.9297078340169146,0.0702921659830854
photos/converted/_DSC0143.jpg,_DSC0143.jpg,2024,0.4969994588744589,0.0142343073593073,eagle_project/photos/converted/_DSC0143.jpg,0.9992506669822722,0.0
photos/converted/_DSC0183.jpg,_DSC0183.jpg,2024,0.001094017094017,0.9491595441595442,eagle_project/photos/converted/_DSC0183.jpg,0.0863732193732193,0.0
photos/converted/_DSC0218.jpg,_DSC0218.jpg,2022,0.0198728354978354,0.0450820707070707,eagle_project/photos/converted/_DSC0218.jpg,0.8206752597612845,0.0
photos/converted/_DSC0285.jpg,_DSC0285.jpg,2024,0.0003787878787878,0.8937554112554112,eagle_project/photos/converted/_DSC0285.jpg,0.065895313831205,0.0
photos/converted/_DSC0585.jpg,_DSC0585.jpg,2022,0.0003760822510822,0.3962463924963925,eagle_project/photos/converted/_DSC0585.jpg,0.0,0.0
photos/converted/_DSC0832.jpg,_DSC0832.jpg,2022,0.0019994588744588,0.0447168109668109,eagle_project/photos/converted/_DSC0832.jpg,0.0454712813336538,0.0
photos/converted/_DSC0878.jpg,_DSC0878.jpg,2022,0.0006141774891774,0.6716964285714285,eagle_project/photos/converted/_DSC0878.jpg,0.0003292752275875,0.4403742019924025
photos/converted/_DSC1035.jpg,_DSC1035.jpg,2024,0.8752913059163059,0.0001226551226551,eagle_project/photos/converted/_DSC1035.jpg,0.0,0.9831194513534242
photos/converted/_DSC1039.jpg,_DSC1039.jpg,2024,0.7363532763532763,0.0258717948717948,eagle_project/photos/converted/_DSC1039.jpg,0.0,0.6023789173789174
photos/converted/_DSC1058.jpg,_DSC1058.jpg,2024,0.4219088319088319,0.2668148148148148,eagle_project/photos/converted/_DSC1058.jpg,0.3528575498575498,0.2984700854700854
photos/converted/_DSC1612.jpg,_DSC1612.jpg,2024,0.8339511183261183,0.0363041125541125,eagle_project/photos/converted/_DSC1612.jpg,0.9987922316495046,0.0
photos/converted/_DSC7288.jpg,_DSC7288.jpg,2024,0.0157792207792207,0.7765241702741703,eagle_project/photos/converted/_DSC7288.jpg,0.5082347423972606,0.0
photos/converted/_DSC7623.jpg,_DSC7623.jpg,2024,0.8182178932178932,0.0608910533910533,eagle_project/photos/converted/_DSC7623.jpg,0.5001430598276762,0.4660327575577697
photos/converted/_DSC7731.jpg,_DSC7731.jpg,2024,0.8711688311688311,0.0039935064935064,eagle_project/photos/converted/_DSC7731.jpg,0.9993383323276476,0.0
photos/converted/_DSC8375.jpg,_DSC8375.jpg,2024,0.2589544159544159,0.4832991452991453,eagle_project/photos/converted/_DSC8375.jpg,0.2993931623931624,0.0
photos/converted/_DSC8447.jpg,_DSC8447.jpg,2024,0.022426948051948,0.5306376262626262,eagle_project/photos/converted/_DSC8447.jpg,0.0,0.8617965411767015
photos/converted/_DSC8658.jpg,_DSC8658.jpg,2024,0.1333766233766233,0.616068722943723,eagle_project/photos/converted/_DSC8658.jpg,0.6275428826879774,0.0
photos/converted/_DSC8790.jpg,_DSC8790.jpg,2024,0.3836111111111111,0.0205465367965367,eagle_project/photos/converted/_DSC8790.jpg,0.0538045737854504,0.1475034463135483
photos/converted/_DSC9785.jpg,_DSC9785.jpg,2024,0.8432801226551226,0.0030140692640692,eagle_project/photos/converted/_DSC9785.jpg,0.9002664505259819,0.0814970624571765
photos/converted/DSC00008.jpg,DSC00008.jpg,2024,0.0013418587896253,0.9222352305475504,eagle_project/photos/converted/DSC00008.jpg,0.0,0.9830427970958
photos/converted/DSC00038.jpg,DSC00038.jpg,2019,0.018037644092219,0.4632474783861671,eagle_project/photos/converted/DSC00038.jpg,0.023902733395734,0.0
photos/converted/DSC00046.jpg,DSC00046.jpg,2018,0.1514742435158501,0.1807970100864553,eagle_project/photos/converted/DSC00046.jpg,0.6115991920198687,0.0
photos/converted/DSC00094.jpg,DSC00094.jpg,2023,0.0,0.9077362914862916,eagle_project/photos/converted/DSC00094.jpg,0.0,0.2252033805351556
photos/converted/DSC00153.jpg,DSC00153.jpg,2023,0.0077507215007215,0.1041287878787878,eagle_project/photos/converted/DSC00153.jpg,0.1748355897897544,0.0
photos/converted/DSC00230.jpg,DSC00230.jpg,2019,5.673631123919308e-05,0.9813355547550432,eagle_project/photos/converted/DSC00230.jpg,0.0,0.3518634282493103
photos/converted/DSC00594.jpg,DSC00594.jpg,2016,0.006011396011396,0.9112108262108262,eagle_project/photos/converted/DSC00594.jpg,0.0006495726495726,0.6970740740740741
photos/converted/DSC00758.jpg,DSC00758.jpg,2018,0.0566410912190963,0.0057431088377379,eagle_project/photos/converted/DSC00758.jpg,0.5099431656720659,0.3199857914180165
photos/converted/DSC00780.jpg,DSC00780.jpg,2019,0.2792951917743931,0.0156661973633687,eagle_project/photos/converted/DSC00780.jpg,0.8883314134562055,0.0
photos/converted/DSC01035.jpg,DSC01035.jpg,2019,0.4716242520366231,0.0418309783000504,eagle_project/photos/converted/DSC01035.jpg,0.8405100294801909,0.0
photos/converted/DSC01516.jpg,DSC01516.jpg,2019,0.0,0.9265634005763688,eagle_project/photos/converted/DSC01516.jpg,0.108486949831238,0.7024895165657519
photos/converted/DSC01693.jpg,DSC01693.jpg,2019,0.2924846902017291,0.4676386887608069,eagle_project/photos/converted/DSC01693.jpg,0.0028835279659394,0.0
photos/converted/DSC02282.jpg,DSC02282.jpg,2016,0.1415990259740259,0.1611616161616161,eagle_project/photos/converted/DSC02282.jpg,0.2728794230769231,0.0
photos/converted/DSC02597.jpg,DSC02597.jpg,2016,0.3125604256854257,0.3097213203463203,eagle_project/photos/converted/DSC02597.jpg,0.5908099358974359,0.0
photos/converted/DSC02745.jpg,DSC02745.jpg,2021,0.0005547550432276,0.0986203170028818,eagle_project/photos/converted/DSC02745.jpg,0.0140135330544753,0.3738734247130112
photos/converted/DSC03027.jpg,DSC03027.jpg,2021,0.0115998863313441,0.6694771241830065,eagle_project/photos/converted/DSC03027.jpg,0.4170247229326513,0.0292583120204603
photos/converted/DSC03269 2.jpg,DSC03269 2.jpg,2025,0.0010416666666666,0.6404049422799423,eagle_project/photos/converted/DSC03269 2.jpg,0.0802536249658639,0.7318249630430907
photos/converted/DSC03287.jpg,DSC03287.jpg,2025,0.0364222582972583,0.4767153679653679,eagle_project/photos/converted/DSC03287.jpg,0.2981442950633091,0.6224513427949562
photos/converted/DSC03296.jpg,DSC03296.jpg,2021,0.0022082132564841,0.7464940561959654,eagle_project/photos/converted/DSC03296.jpg,0.3803083874476557,0.0819137198480908
photos/converted/DSC03327.jpg,DSC03327.jpg,2021,6.484149855907781e-05,0.2558339337175792,eagle_project/photos/converted/DSC03327.jpg,0.5154545311311022,0.0
photos/converted/DSC03335.jpg,DSC03335.jpg,2021,0.0026484796817277,0.858877522023302,eagle_project/photos/converted/DSC03335.jpg,0.0,0.9456635407786302
photos/converted/DSC03359.jpg,DSC03359.jpg,2021,0.0055610590778097,0.5242119956772334,eagle_project/photos/converted/DSC03359.jpg,0.0221169315778662,0.2390553442464532
photos/converted/DSC03532.jpg,DSC03532.jpg,2025,0.0010714285714285,0.0078941197691197,eagle_project/photos/converted/DSC03532.jpg,0.0296067666302003,0.0
photos/converted/DSC03687.jpg,DSC03687.jpg,2025,0.0013703703703703,0.3115698005698005,eagle_project/photos/converted/DSC03687.jpg,0.557017094017094,0.0208518518518518
photos/converted/DSC06026.jpg,DSC06026.jpg,2025,0.0062250712250712,0.942948717948718,eagle_project/photos/converted/DSC06026.jpg,0.0898404558404558,0.0
photos/converted/DSC06142.jpg,DSC06142.jpg,2016,0.2949332196646774,0.3658312020460358,eagle_project/photos/converted/DSC06142.jpg,0.1028417163967036,0.2119124751349815
photos/converted/DSC06163.jpg,DSC06163.jpg,2016,0.1033694083694083,0.0408378427128427,eagle_project/photos/converted/DSC06163.jpg,0.1005769871794871,0.0
photos/converted/DSC06479.jpg,DSC06479.jpg,2025,0.0272447691197691,0.2369372294372294,eagle_project/photos/converted/DSC06479.jpg,0.0,0.0
photos/converted/DSC06504.jpg,DSC06504.jpg,2025,0.0502678571428571,0.3689998196248196,eagle_project/photos/converted/DSC06504.jpg,0.000338039207029,0.0
photos/converted/DSC06678.jpg,DSC06678.jpg,2016,0.1912279202279202,0.4723931623931623,eagle_project/photos/converted/DSC06678.jpg,0.0329430199430199,0.0
photos/converted/DSC06868.jpg,DSC06868.jpg,2025,0.015017094017094,0.4838660968660969,eagle_project/photos/converted/DSC06868.jpg,0.0098603988603988,0.4233219373219373
photos/converted/DSC06886.jpg,DSC06886.jpg,2025,0.1925892857142857,0.5094904401154401,eagle_project/photos/converted/DSC06886.jpg,0.0002583457613205,0.0401682561408156
photos/converted/DSC06996.jpg,DSC06996.jpg,2025,0.1519282106782107,0.6912121212121212,eagle_project/photos/converted/DSC06996.jpg,0.0,0.0
photos/converted/DSC07658.jpg,DSC07658.jpg,2018,0.0192930475504322,0.4309393011527377,eagle_project/photos/converted/DSC07658.jpg,0.0339731617664222,0.9285515150065125
photos/converted/DSC07926.jpg,DSC07926.jpg,2025,0.0006520562770562,0.8563852813852814,eagle_project/photos/converted/DSC07926.jpg,0.043874167447504,0.9315054380620188
photos/converted/DSC08113.jpg,DSC08113.jpg,2018,0.0029187680115273,0.8281421109510086,eagle_project/photos/converted/DSC08113.jpg,0.4906915390253353,0.0139055402601222
photos/converted/DSC08247.jpg,DSC08247.jpg,2016,0.0839116809116809,0.6767606837606838,eagle_project/photos/converted/DSC08247.jpg,0.0144501424501424,0.4276837606837607
photos/converted/DSC08580.jpg,DSC08580.jpg,2019,0.0003278097982708,0.9940967219020173,eagle_project/photos/converted/DSC08580.jpg,0.219526337257886,0.3112223223330703
photos/converted/DSC08669.jpg,DSC08669.jpg,2019,0.0008456412103746,0.4020407060518732,eagle_project/photos/converted/DSC08669.jpg,0.95051096165158,0.0
photos/converted/DSC08757.jpg,DSC08757.jpg,2025,0.040997150997151,0.0003561253561253,eagle_project/photos/converted/DSC08757.jpg,0.0007207977207977,0.8395242165242165
photos/converted/DSC08788.jpg,DSC08788.jpg,2019,0.0216804755043227,0.4966345461095101,eagle_project/photos/converted/DSC08788.jpg,0.0,0.758821563370945
photos/converted/DSC09044.jpg,DSC09044.jpg,2025,0.0250342712842712,0.1253526334776334,eagle_project/photos/converted/DSC09044.jpg,0.7049212836230199,0.0
photos/converted/DSC09078.jpg,DSC09078.jpg,2018,0.0172883645533141,0.9318596902017292,eagle_project/photos/converted/DSC09078.jpg,0.0571822028458453,0.7681801729752062
photos/converted/DSC09243.jpg,DSC09243.jpg,2018,0.0332817002881844,0.9398460014409222,eagle_project/photos/converted/DSC09243.jpg,0.0026808545589079,0.0
photos/converted/DSC09426.jpg,DSC09426.jpg,2019,0.0955612389883489,0.705973287865871,eagle_project/photos/converted/DSC09426.jpg,0.295493037794828,0.0
photos/converted/DSC09598.jpg,DSC09598.jpg,2019,0.1191138328530259,0.7581880403458213,eagle_project/photos/converted/DSC09598.jpg,0.2469616495375968,0.0
photos/converted/DSC09663.jpg,DSC09663.jpg,2019,0.06804484870317,0.7937490994236311,eagle_project/photos/converted/DSC09663.jpg,0.0,0.4302750231084885
photos/converted/DSC09671.jpg,DSC09671.jpg,2019,0.0024675792507204,0.959658681556196,eagle_project/photos/converted/DSC09671.jpg,0.2652637475082514,0.0
photos/converted/DSC09705.jpg,DSC09705.jpg,2019,0.023719806763285,0.771227621483376,eagle_project/photos/converted/DSC09705.jpg,0.3708326229042341,0.0
photos/converted/DSC09746.jpg,DSC09746.jpg,2018,0.0,0.2408321325648415,eagle_project/photos/converted/DSC09746.jpg,0.0820349518806575,0.0
photos/converted/DSC09792.jpg,DSC09792.jpg,2019,0.0338789428815004,0.5554901960784314,eagle_project/photos/converted/DSC09792.jpg,0.2788604717249218,0.0
photos/converted/DSC09850.jpg,DSC09850.jpg,2019,0.0017507204610951,0.3925414265129683,eagle_project/photos/converted/DSC09850.jpg,0.0,0.8635474024541682
photos/converted/DSC09871.jpg,DSC09871.jpg,2018,0.0001116714697406,0.9368993155619596,eagle_project/photos/converted/DSC09871.jpg,0.1382542645665174,0.0
photos/converted/DSC09885.jpg,DSC09885.jpg,2019,0.007368515850144,0.4164832492795389,eagle_project/photos/converted/DSC09885.jpg,0.0,0.9174257771104586
photos/converted/DSC09891.jpg,DSC09891.jpg,2019,0.0022433357348703,0.2068254682997118,eagle_project/photos/converted/DSC09891.jpg,0.0044815368428669,0.991350400838908
photos/converted/DSC09956.jpg,DSC09956.jpg,2025,0.0054757834757834,0.7454415954415955,eagle_project/photos/converted/DSC09956.jpg,0.4153418803418803,0.0
photos/converted/SONY_ILCE-7RM5_2023-01-26_1087926960128.jpg,SONY_ILCE-7RM5_2023-01-26_1087926960128.jpg,2023,0.0979437229437229,0.4048953823953824,eagle_project/photos/converted/SONY_ILCE-7RM5_2023-01-26_1087926960128.jpg,0.0475600468011832,0.0993770880244896
photos/converted/SONY_ILCE-7RM5_2023-01-26_1490581454848.jpg,SONY_ILCE-7RM5_2023-01-26_1490581454848.jpg,2023,0.0039556277056277,0.9092388167388168,eagle_project/photos/converted/SONY_ILCE-7RM5_2023-01-26_1490581454848.jpg,0.1909955246981716,0.0755154293051937
photos/converted/SONY_ILCE-7RM5_2023-01-26_1740509544448.jpg,SONY_ILCE-7RM5_2023-01-26_1740509544448.jpg,2023,0.0502849002849002,0.4514529914529914,eagle_project/photos/converted/SONY_ILCE-7RM5_2023-01-26_1740509544448.jpg,0.1584387464387464,0.7073418803418804
photos/converted/SONY_ILCE-7RM5_2023-01-26_1793063124992.jpg,SONY_ILCE-7RM5_2023-01-26_1793063124992.jpg,2023,0.0486129148629148,0.0107296176046176,eagle_project/photos/converted/SONY_ILCE-7RM5_2023-01-26_1793063124992.jpg,0.0298166422195076,0.0
photos/converted/SONY_ILCE-7RM5_2023-01-26_182984376320.jpg,SONY_ILCE-7RM5_2023-01-26_182984376320.jpg,2023,0.0,0.0006159812409812,eagle_project/photos/converted/SONY_ILCE-7RM5_2023-01-26_182984376320.jpg,0.0,0.0
photos/converted/SONY_ILCE-7RM5_2023-01-26_1847050633216.jpg,SONY_ILCE-7RM5_2023-01-26_1847050633216.jpg,2023,0.0323944805194805,0.9530555555555555,eagle_project/photos/converted/SONY_ILCE-7RM5_2023-01-26_1847050633216.jpg,0.0060874396792925,0.3645553805825782
photos/converted/SONY_ILCE-7RM5_2023-01-26_19175047168.jpg,SONY_ILCE-7RM5_2023-01-26_19175047168.jpg,2023,0.5589186507936508,0.0414926046176046,eagle_project/photos/converted/SONY_ILCE-7RM5_2023-01-26_19175047168.jpg,0.4056234393473344,0.0019567181038162
photos/converted/SONY_ILCE-7RM5_2023-01-26_229718360064.jpg,SONY_ILCE-7RM5_2023-01-26_229718360064.jpg,2023,0.0159559884559884,0.9742649711399712,eagle_project/photos/converted/SONY_ILCE-7RM5_2023-01-26_229718360064.jpg,0.0028266772059268,0.9725658826405548
photos/converted/SONY_ILCE-7RM5_2023-01-27_257163264.jpg,SONY_ILCE-7RM5_2023-01-27_257163264.jpg,2023,0.0093789173789173,0.4732279202279202,eagle_project/photos/converted/SONY_ILCE-7RM5_2023-01-27_257163264.jpg,0.0140997150997151,0.0
photos/converted/SONY_ILCE-7RM5_2023-01-27_360612364288.jpg,SONY_ILCE-7RM5_2023-01-27_360612364288.jpg,2023,0.0098737373737373,0.1040205627705627,eagle_project/photos/converted/SONY_ILCE-7RM5_2023-01-27_360612364288.jpg,0.0,0.003982500453785
photos/converted/SONY_ILCE-7RM5_2023-01-27_479512756224.jpg,SONY_ILCE-7RM5_2023-01-27_479512756224.jpg,2023,0.0035939754689754,0.9179662698412698,eagle_project/photos/converted/SONY_ILCE-7RM5_2023-01-27_479512756224.jpg,0.0121123050563919,0.7041627522595225
photos/converted/SONY_ILCE-7RM5_2023-01-27_81058332672.jpg,SONY_ILCE-7RM5_2023-01-27_81058332672.jpg,2023,0.0619164862914862,0.0004779942279942,eagle_project/photos/converted/SONY_ILCE-7RM5_2023-01-27_81058332672.jpg,0.1374234646530057,0.0081436532231821
photos/converted/SONY_ILCE-7RM5_2023-01-28_1146892845056.jpg,SONY_ILCE-7RM5_2023-01-28_1146892845056.jpg,2023,0.0009758297258297,0.1336967893217893,eagle_project/photos/converted/SONY_ILCE-7RM5_2023-01-28_1146892845056.jpg,0.1858651217942743,0.0020830931543049
photos/converted/SONY_ILCE-7RM5_2023-01-28_40234909696.jpg,SONY_ILCE-7RM5_2023-01-28_40234909696.jpg,2023,0.0072582972582972,0.0004554473304473,eagle_project/photos/converted/SONY_ILCE-7RM5_2023-01-28_40234909696.jpg,0.0,0.6360191072126478
photos/converted/SONY_ILCE-7RM5_2023-01-28_931511402496.jpg,SONY_ILCE-7RM5_2023-01-28_931511402496.jpg,2023,0.0268668831168831,0.1598060966810967,eagle_project/photos/converted/SONY_ILCE-7RM5_2023-01-28_931511402496.jpg,0.1032637723765091,0.0021139076126327
photos/converted/SONY_ILCE-7RM5_2023-01-29_164923965440.jpg,SONY_ILCE-7RM5_2023-01-29_164923965440.jpg,2023,0.002129329004329,0.042775974025974,eagle_project/photos/converted/SONY_ILCE-7RM5_2023-01-29_164923965440.jpg,0.9934240770584264,0.0
photos/converted/SONY_ILCE-7RM5_2023-01-29_49824661504.jpg,SONY_ILCE-7RM5_2023-01-29_49824661504.jpg,2023,0.0005413105413105,0.0015242165242165,eagle_project/photos/converted/SONY_ILCE-7RM5_2023-01-29_49824661504.jpg,1.1396011396011395e-05,0.0094017094017094
photos/converted/SONY_ILCE-7RM5_2023-02-10_164001742848.jpg,SONY_ILCE-7RM5_2023-02-10_164001742848.jpg,2023,0.7440313852813852,0.0011084054834054,eagle_project/photos/converted/SONY_ILCE-7RM5_2023-02-10_164001742848.jpg,0.802970820394327,0.0
photos/converted/SONY_ILCE-7RM5_2023-02-10_1648466591744.jpg,SONY_ILCE-7RM5_2023-02-10_1648466591744.jpg,2023,0.4663212481962482,0.46248556998557,eagle_project/photos/converted/SONY_ILCE-7RM5_2023-02-10_1648466591744.jpg,0.0001647014911949,0.5360163783700694
photos/converted/SONY_ILCE-7RM5_2023-02-10_1745927798784.jpg,SONY_ILCE-7RM5_2023-02-10_1745927798784.jpg,2023,0.0182106782106782,0.9247907647907648,eagle_project/photos/converted/SONY_ILCE-7RM5_2023-02-10_1745927798784.jpg,0.0,0.6084657435206853
photos/converted/SONY_ILCE-7RM5_2023-02-10_457635790848.jpg,SONY_ILCE-7RM5_2023-02-10_457635790848.jpg,2023,0.0017350427350427,0.9721737891737892,eagle_project/photos/converted/SONY_ILCE-7RM5_2023-02-10_457635790848.jpg,0.0,0.9028005698005698
photos/converted/SONY_ILCE-7RM5_2023-02-10_656595222528.jpg,SONY_ILCE-7RM5_2023-02-10_656595222528.jpg,2023,0.4979458689458689,0.2777008547008547,eagle_project/photos/converted/SONY_ILCE-7RM5_2023-02-10_656595222528.jpg,0.494994301994302,0.0
photos/converted/SONY_ILCE-7RM5_2023-02-11_11777343488.jpg,SONY_ILCE-7RM5_2023-02-11_11777343488.jpg,2023,0.1164411976911976,0.6889736652236652,eagle_project/photos/converted/SONY_ILCE-7RM5_2023-02-11_11777343488.jpg,0.0131120885886548,0.6411012699031762
photos/converted/SONY_ILCE-7RM5_2023-02-11_1449027174400.jpg,SONY_ILCE-7RM5_2023-02-11_1449027174400.jpg,2023,0.6871536796536797,0.0307647907647907,eagle_project/photos/converted/SONY_ILCE-7RM5_2023-02-11_1449027174400.jpg,0.7114119941114234,0.1448889187324107
photos/converted/SONY_ILCE-7RM5_2023-02-11_583097122816.jpg,SONY_ILCE-7RM5_2023-02-11_583097122816.jpg,2023,0.7071987734487735,0.0633017676767676,eagle_project/photos/converted/SONY_ILCE-7RM5_2023-02-11_583097122816.jpg,0.0283090588988476,0.7378141337284125
photos/converted/SONY_ILCE-7RM5_2023-02-17_1869663961088.jpg,SONY_ILCE-7RM5_2023-02-17_1869663961088.jpg,2023,0.0688974358974359,0.8543276353276353,eagle_project/photos/converted/SONY_ILCE-7RM5_2023-02-17_1869663961088.jpg,0.0061139601139601,0.0
photos/converted/SONY_ILCE-7RM5_2023-02-26_11990466560.jpg,SONY_ILCE-7RM5_2023-02-26_11990466560.jpg,2023,0.4482620851370851,0.0182882395382395,eagle_project/photos/converted/SONY_ILCE-7RM5_2023-02-26_11990466560.jpg,0.9864643020376992,0.0
photos/converted/SONY_ILCE-7RM5_2023-02-26_362584473600.jpg,SONY_ILCE-7RM5_2023-02-26_362584473600.jpg,2023,0.7559271284271284,0.0120382395382395,eagle_project/photos/converted/SONY_ILCE-7RM5_2023-02-26_362584473600.jpg,0.0240567658534511,0.0
photos/converted/SONY_ILCE-7RM5_2023-02-26_93337681920.jpg,SONY_ILCE-7RM5_2023-02-26_93337681920.jpg,2023,0.3353003246753246,0.5223674242424242,eagle_project/photos/converted/SONY_ILCE-7RM5_2023-02-26_93337681920.jpg,0.0,0.073385782300911
