year,metric,classical_mean,dl_mean,classical_n,dl_n
2016,vegetation_frac,0.16194472526350492,0.15930725679904065,7,7
2018,vegetation_frac,0.035126110826018124,0.2407949165419525,8,8
2019,vegetation_frac,0.07991673680085176,0.2497802788528596,18,18
2021,vegetation_frac,0.00377287248152538,0.2248196843572918,6,6
2022,vegetation_frac,0.00540927128427122,0.17353889387643634,5,5
2023,vegetation_frac,0.1866379555331168,0.1783865145714031,31,31
2024,vegetation_frac,0.405267834926527,0.4306823540974013,17,17
2025,vegetation_frac,0.0396669481312338,0.15929836781991952,14,14
2016,water_frac,0.41970237909021246,0.19095290141325943,7,7
2018,water_frac,0.561882333849674,0.25382787745748214,8,8
2019,water_frac,0.5749550746139307,0.2959441907795056,18,18
2021,water_frac,0.5255858247999947,0.2782940569344409,6,6
2022,water_frac,0.24202543290043285,0.09515288059484268,5,5
2023,water_frac,0.36838333604865864,0.2405450090066996,31,31
2024,water_frac,0.3302534553159447,0.2643607779286181,17,17
2025,water_frac,0.45696959224637795,0.2578320004099205,14,14
